{"name":"a5e728eb-4a5a-4a4b-ab58-95a6e81f4f35","id":"/providers/Microsoft.Flow/flows/a5e728eb-4a5a-4a4b-ab58-95a6e81f4f35","type":"Microsoft.Flow/flows","properties":{"apiId":"/providers/Microsoft.PowerApps/apis/shared_logicflows","displayName":"NotifyITOnNewRequest","definition":{"metadata":{"workflowEntityId":null,"processAdvisorMetadata":null,"flowChargedByPaygo":null,"flowclientsuspensionreason":"None","flowclientsuspensiontime":null,"flowclientsuspensionreasondetails":null,"creator":{"id":"17647a1b-6109-4fff-8b0c-eb7af36e905a","type":"User","tenantId":"bef1255b-0cc9-4b06-a01e-e346b8973d35"},"provisioningMethod":"FromDefinition","failureAlertSubscription":true,"clientLastModifiedTime":"2025-06-09T16:45:14.1621974Z","connectionKeySavedTimeKey":"2025-06-09T16:45:14.1621974Z","creationSource":"Portal","modifiedSources":"Portal;PowerappsPpux"},"$schema":"https://schema.management.azure.com/providers/Microsoft.Logic/schemas/2016-06-01/workflowdefinition.json#","contentVersion":"undefined","parameters":{"$connections":{"defaultValue":{},"type":"Object"},"$authentication":{"defaultValue":{},"type":"SecureObject"}},"triggers":{"manual":{"metadata":{"operationMetadataId":"04659af3-df40-4304-ae5d-52c40e003587"},"type":"Request","kind":"PowerAppV2","inputs":{"schema":{"type":"object","properties":{},"required":[]}}}},"actions":{"Send_push_notification_V2":{"runAfter":{},"metadata":{"operationMetadataId":"b8e94f38-17da-4158-894e-7780227b878f"},"type":"OpenApiConnection","inputs":{"host":{"apiId":"/providers/Microsoft.PowerApps/apis/shared_powerappsnotificationv2","connectionName":"shared_powerappsnotificationv2","operationId":"SendPushNotificationV2"},"parameters":{"payload/playerType":"PowerApps","payload/app":"{\"appIdentifier\":\"5c1d4aa7-e7d2-425d-96a3-06d4d7c6e42b\",\"displayName\":\"IT Support Requests\",\"type\":\"CanvasApp\"}","payload/recipients":["az@almapro.info"],"payload/message":"📥 New IT Request received from Power Apps","payload/openApp":true},"authentication":{"value":"@json(decodeBase64(triggerOutputs().headers['X-MS-APIM-Tokens']))['$ConnectionKey']","type":"Raw"}}},"Respond_to_a_Power_App_or_flow":{"runAfter":{"Send_push_notification_V2":["Succeeded"]},"metadata":{"operationMetadataId":"5b4d494e-5a82-47ab-badd-e15b22708240"},"type":"Response","kind":"PowerApp","inputs":{"statusCode":200,"body":{},"schema":{"type":"object","properties":{}}}}}},"connectionReferences":{"shared_powerappsnotificationv2":{"connectionName":"shared-powerappsnoti-c557a11c-1333-4ce1-a17e-aa8d7f0080a2","source":"Invoker","id":"/providers/Microsoft.PowerApps/apis/shared_powerappsnotificationv2","tier":"NotSpecified","apiName":"powerappsnotificationv2","isProcessSimpleApiReferenceConversionAlreadyDone":false}},"flowFailureAlertSubscribed":false,"isManaged":false}}