{"schemaVersion":"1.0","appDefinitionTemplate":{"id":"/providers/Microsoft.PowerApps/apps/","type":"Microsoft.PowerApps/apps","tags":{"primaryDeviceWidth":"640","primaryDeviceHeight":"1136","supportsPortrait":"true","supportsLandscape":"true","primaryFormFactor":"Phone","showStatusBar":"false","publisherVersion":"3.25061.7","minimumRequiredApiVersion":"2.2.0","hasComponent":"false","hasUnlockedComponent":"false","isUnifiedRootApp":"false","sienaVersion":"20250617T121522Z-3.25061.7.0"},"properties":{"appVersion":"2025-06-17T12:15:22Z","lifeCycleId":"Published","createdByClientVersion":{"major":3,"minor":25061,"build":7,"revision":0,"majorRevision":0,"minorRevision":0},"minClientVersion":{"major":3,"minor":25061,"build":7,"revision":0,"majorRevision":0,"minorRevision":0},"backgroundColor":"rgba(75, 123, 166, 1)","backgroundImageUri":"/15486305597812829237/N1f5b7260-1f5b-4039-b251-d0325f088ba1-logoSmallFile","displayName":"IT Support Requests","description":"","commitMessage":"","appUris":{"documentUri":{"value":"/15486305597812829237/N9617ff29-4065-4fb0-be4a-a46bd63faeac-document.msapp"},"imageUris":[],"additionalUris":[{"isSolutionAware":false,"value":"/15486305597812829237/Na23a6dce-9b93-43e8-878c-b6b2fcf0bce5-identity.json"}]},"createdTime":"0001-01-01T00:00:00Z","lastModifiedTime":"0001-01-01T00:00:00Z","sharedGroupsCount":0,"sharedUsersCount":0,"connectionReferences":{"0349a560-c59e-4bfb-bc51-fbd80a4a730b":{"id":"788108bc-3648-494d-9623-f6e66f59d6ec","displayName":"SharePoint","iconUri":"https://conn-afd-prod-endpoint-bmc9bqahasf3grgk.b01.azurefd.net/releases/v1.0.1746/1.0.1746.4174/sharepointonline/icon.png","dataSources":["ITSupportRequests","NAME","AdminUser"],"dependencies":[],"dependents":[],"parameterHints":{},"parameterHintsV2":{},"isOnPremiseConnection":false,"bypassConsent":false,"dataSets":{"https://almaproinfo.sharepoint.com/sites/EMPcheckincheckout":{"dataSources":{"ITSupportRequests":{"tableName":"bd242ba7-1c69-48d4-97d8-1a0fc7d6b3a6"},"NAME":{"tableName":"141ac9cf-eb6d-4200-b44b-0a2a1f33824e"},"AdminUser":{"tableName":"5b8cbc85-b567-4bee-9cee-cd1d02ab3e4c"}}}},"apiTier":"Standard","isCustomApiConnection":false,"actions":["providers/PowerPlatform.Governance/Operations/Read","providers/PowerPlatform.Governance/Operations/Write"]},"a4661f78-2b04-4e09-aa5d-c54dd080af5d":{"id":"a3b52a25-d0a0-4631-be1d-f8862d7a5270","displayName":"Logic flows","iconUri":"https://conn-afd-prod-endpoint-bmc9bqahasf3grgk.b01.azurefd.net/v1.0.1752/1.0.1752.4216/logicflows/icon.png","dataSources":["NotifyITOnNewRequest"],"dependencies":["c5432f7a-a175-4bed-8a77-f7ad419e3a8d"],"dependents":[],"parameterHints":{"workflowName":{"value":"95e3b836-36d9-45a9-91cb-3737bd30775a"},"workflowEntityId":{},"workflowDisplayName":{"value":"NotifyITOnNewRequest"},"c5432f7a-a175-4bed-8a77-f7ad419e3a8d":{"value":"shared_powerappsnotificationv2"}},"parameterHintsV2":{"workflowName":{"value":"95e3b836-36d9-45a9-91cb-3737bd30775a"},"workflowEntityId":{},"workflowDisplayName":{"value":"NotifyITOnNewRequest"},"shared_powerappsnotificationv2":{"value":"c5432f7a-a175-4bed-8a77-f7ad419e3a8d"}},"isOnPremiseConnection":false,"bypassConsent":false,"dataSets":{},"apiTier":"Standard","isCustomApiConnection":false,"actions":["Run"],"nestedActions":[{"id":"/providers/Microsoft.PowerApps/apis/shared_powerappsnotificationv2/apiOperations/SendPushNotificationV2","flowConnectionRef":"shared_powerappsnotificationv2","apiName":"Power Apps Notification V2","actionName":"SendPushNotificationV2","referencedResources":[]}]},"c5432f7a-a175-4bed-8a77-f7ad419e3a8d":{"id":"df70301d-5709-467b-81e8-13f84a9527b1","displayName":"Power Apps Notification V2","runtimePolicyName":"496199af-721e-4115-994f-3deade53348f","executionRestrictions":{"version":1,"modifiedOn":"2025-06-17 12:15:20","appVer":"3.25061.7","apiId":"unknown","policy":"{\"type\":\"unused\"}"},"iconUri":"https://conn-afd-prod-endpoint-bmc9bqahasf3grgk.b01.azurefd.net/u/shgogna/version-mismatches-special-train/1.0.1670.3520/powerappsnotificationv2/icon.png","dataSources":[],"dependencies":[],"dependents":["a4661f78-2b04-4e09-aa5d-c54dd080af5d"],"parameterHints":{},"parameterHintsV2":{},"isOnPremiseConnection":false,"sharedConnectionId":"1f79b3a6-9afa-43df-af95-6ef2a2dee136","bypassConsent":false,"dataSets":{},"apiTier":"Standard","isCustomApiConnection":false}},"databaseReferences":{},"almMode":"Environment","performanceOptimizationEnabled":true,"canConsumeAppPass":true,"enableModernRuntimeMode":false,"executionRestrictions":{"isTeamsOnly":false,"dataLossPreventionEvaluationResult":{"status":"Compliant","lastEvaluationDate":"2025-06-17T12:15:36.1523066Z","violations":[],"violationsByPolicy":[],"violationErrorMessage":"The app uses the following connectors: shared_sharepointonline, shared_logicflows, shared_powerappsnotificationv2."},"httpActionRestriction":{"appUsesSharepointHttpAction":false,"enforcementStrategy":"Legacy","evaluationTime":"2025-06-17T12:15:36.1522127Z"}}},"isAppComponentLibrary":false,"appType":"ClassicCanvasApp","appComponents":[]}}